episode,total_reward,timesteps,epsilon
1,-1935,707,0.034100160462149656
2,-3701,736,0.00998645168764533
3,-4372,662,0.00998645168764533
